{"cameraMode":{"drawMode":31,"name":"Sprite Mask","section":"Miscellaneous"},"sceneLighting":true,"audioPlay":false,"sceneViewState":{"showFog":false,"showMaterialUpdate":false,"showSkybox":false,"showFlares":false,"showImageEffects":false,"showParticleSystems":true},"in2DMode":false,"pivot":{"x":311.0369873046875,"y":500.948486328125,"z":120.07748413085938},"rotation":{"x":0.1586304008960724,"y":-0.008579266257584095,"z":0.0013785227201879025,"w":0.9872997999191284},"size":742.1293334960938,"orthographic":false}