{"cameraMode":{"drawMode":0,"name":"Shaded","section":"Shading Mode"},"sceneLighting":true,"audioPlay":false,"sceneViewState":{"showFog":true,"showMaterialUpdate":false,"showSkybox":true,"showFlares":true,"showImageEffects":true,"showParticleSystems":true,"showVisualEffectGraphs":true,"m_FxEnabled":true},"in2DMode":false,"pivot":{"x":-0.5068674087524414,"y":0.005142577458173037,"z":-0.13885833323001862},"rotation":{"x":0.06724835187196732,"y":0.9292434453964233,"z":-0.21151462197303773,"w":0.2954075336456299},"size":10.401142120361329,"orthographic":false}