{"cameraMode":{"drawMode":0,"name":"Shaded","section":"Shading Mode"},"sceneLighting":true,"audioPlay":false,"sceneViewState":{"showFog":true,"showMaterialUpdate":false,"showSkybox":true,"showFlares":true,"showImageEffects":true,"showParticleSystems":true,"showVisualEffectGraphs":true,"m_FxEnabled":true},"in2DMode":false,"pivot":{"x":346.37359619140627,"y":256.84423828125,"z":-10.592975616455079},"rotation":{"x":0.07972090691328049,"y":0.010461395606398583,"z":-0.0008365738322027028,"w":0.9967657923698425},"size":212.39491271972657,"orthographic":false}