{"cameraMode":{"drawMode":0,"name":"Shaded","section":"Shading Mode"},"sceneLighting":true,"audioPlay":false,"sceneViewState":{"showFog":true,"showMaterialUpdate":false,"showSkybox":true,"showFlares":true,"showImageEffects":true,"showParticleSystems":true,"showVisualEffectGraphs":true,"m_FxEnabled":true},"in2DMode":false,"pivot":{"x":249.98074340820313,"y":77.07508850097656,"z":-8.248238563537598},"rotation":{"x":0.06476440280675888,"y":0.0014920826070010663,"z":-0.00009682655945653096,"w":0.9979018568992615},"size":162.48367309570313,"orthographic":false}